{
  "hash": "60af36c1",
  "configHash": "2778ad88",
  "lockfileHash": "7812352c",
  "browserHash": "c9c78d6d",
  "optimized": {
    "@angular/common": {
      "src": "../../../../../node_modules/@angular/common/fesm2022/common.mjs",
      "file": "@angular_common.js",
      "fileHash": "dc5cba75",
      "needsInterop": false
    },
    "@angular/common/http": {
      "src": "../../../../../node_modules/@angular/common/fesm2022/http.mjs",
      "file": "@angular_common_http.js",
      "fileHash": "e41158bb",
      "needsInterop": false
    },
    "@angular/core": {
      "src": "../../../../../node_modules/@angular/core/fesm2022/core.mjs",
      "file": "@angular_core.js",
      "fileHash": "7d59eac4",
      "needsInterop": false
    },
    "@angular/forms": {
      "src": "../../../../../node_modules/@angular/forms/fesm2022/forms.mjs",
      "file": "@angular_forms.js",
      "fileHash": "19f29d45",
      "needsInterop": false
    },
    "@angular/platform-browser": {
      "src": "../../../../../node_modules/@angular/platform-browser/fesm2022/platform-browser.mjs",
      "file": "@angular_platform-browser.js",
      "fileHash": "77b810e5",
      "needsInterop": false
    },
    "@angular/router": {
      "src": "../../../../../node_modules/@angular/router/fesm2022/router.mjs",
      "file": "@angular_router.js",
      "fileHash": "5988892b",
      "needsInterop": false
    },
    "rxjs": {
      "src": "../../../../../node_modules/rxjs/dist/esm5/index.js",
      "file": "rxjs.js",
      "fileHash": "ff979606",
      "needsInterop": false
    }
  },
  "chunks": {
    "chunk-ZN4ZQIKF": {
      "file": "chunk-ZN4ZQIKF.js"
    },
    "chunk-BBUMVJIZ": {
      "file": "chunk-BBUMVJIZ.js"
    },
    "chunk-V4I6KYGB": {
      "file": "chunk-V4I6KYGB.js"
    },
    "chunk-CHRFX2HE": {
      "file": "chunk-CHRFX2HE.js"
    },
    "chunk-R7GQRDZ6": {
      "file": "chunk-R7GQRDZ6.js"
    }
  }
}